{
    "project": "Проекты",
    "about_company": "Про компанию",
    "why_bali": "Почему Бали?",
    "cooperation": "Сотрудничество",
    "career": "Карьера",
    "contacts": "Контакты",
    "make_a_meeting": "Запланировать встречу",
    "month1": "Январь",
    "month2": "Февраль",
    "month3": "Март",
    "month4": "Апрель",
    "month5": "Май",
    "month6": "Июнь",
    "month7": "Июль",
    "month8": "Август",
    "month9": "Сентябрь",
    "month10": "Октябрь",
    "month11": "Ноябрь",
    "month12": "Декабрь",

    "else_projects": "Проекты",

    "about_compl": "О комплексе",
    "location": "Локация",
    "top_location": "Топовая локация",
    "appatments": "Апартаменты",
    "investors": "Инвесторам",
    "show_album": "Показать альбом",
    "google_map_text_1": "Если вы на острове, мы с радостью проведём вам экскурсию по объекту!",
    "make_a_see": "Записаться на просмотр",
    "other_projects": "Другие проекты",
    
    "start_cooperation": "Начать сотрудничество",
    "marketing": "Маркетингу",
    "agent_nedv": "Агентствам недвижимости",
    "partnerstvo": "Партнерство",
    "brokeram": "Брокерам",
    "for_brokers": "Для брокеров",
    "for_brokers_text": "Мы ценим вклад тех, кто помогает развитию рынка недвижимости в Украине. Поэтому мы разработали специальную программу сотрудничества с брокерами, основанную на доверии, открытости и взаимной прибыли. Наши партнеры-брокеры получают самые выгодные условия для своих клиентов, а также первыми узнают о новых объектах и ​​специальных предложениях.",
    "brokers_work_steps": "Этапы работы с брокерами",
    "broker_step_1": "Оставить заявку в форме ниже или на любом сайте компании в разделе «Контакты»",
    "broker_step_2": "Подписать договор для согласования условий сотрудничества",
    "broker_step_3": "Пройти обучение и получить аккредитацию",
    "broker_step_4": "Получить доступ к онлайн базе имеющихся квартир",
    "agency_text": "Для сотрудничества с риелторами мы разработали инновационную программу, которая позволяет сертифицированным агентствам недвижимости официально предлагать своим клиентам квартиры в жилых комплексах SAGA Development и получать за это достойное вознаграждение.",
    "agency_text_2": "Мы сопровождаем риелторов на всех этапах сотрудничества:",
    "agency_text_3": "Оказываем информационную поддержку по нашим проектам",
    "agency_text_4": "Консультируем относительно ведения рекламных кампаний",
    "agency_text_5": "Помогаем в решении юридических вопросов.",
    "agency_text_6": "Для обеспечения прозрачности отношений предусмотрена фиксация клиента за определенным риелтором. А после заключения сделки — выплата вознаграждения.",
    "for_partners": "Партнерам",
    "for_partners_text": "Мы готовы взять на себя комплексную или частичную реализацию проекта в случае, если цели, миссия и философия наших компаний совпадают. Также мы открыты для предложений о земельных участках и перспективных проектах.",
    "for_partners_steps": "Этапы работы с партнерами",
    "for_partners_step_1": "Оставить заявку в форме ниже или на любом сайте компании в разделе «Контакты»",
    "for_partners_step_2": "Подписать договор для согласования условий сотрудничества",
    "for_partners_step_3": "Пройти обучение и получить аккредитацию",
    "for_partners_step_4": "Получить доступ к онлайн базе имеющихся квартир",
    "marketing_text": "Знакомы с нашими проектами и у вас есть крутая идея для сотрудничества? Мы открыты для предложений! Если ваша компания занимается рекламной полиграфией или изготовлением качественных POS-материалов, если вы гуру в организации ивентов или хотите провести мероприятие на бульваре RYBALSKY или съемку в CHICAGO Central House, заполняйте форму обратной связи на этой странице.",
    "marketing_coop": "Сотрудничество с маркетологами:",
    "marketing_coop_1": "Оказываем информационную поддержку по нашим проектам",
    "marketing_coop_2": "Консультируем относительно ведения рекламных кампаний",
    "marketing_coop_3": "Помогаем в решении юридических вопросов.",

    "projects_text": "Воплоти мечту в реальность",
    "our_projects": "Наши проекты",
    "get_catalog": "Получить каталог",
    "sold": "Продано",
    "including_taxes": "*включая налоги",
    "more": "Подробнее",
    "from": "от",
    "stage_building": "Цена на этапе строительства",
    "forecase_text_1": "Управление + операционные расходы",
    "forecase_text_2": "Стоимость после окончания строительства",
    "forecase_text_3": "Пессимистический прогноз",
    "forecase_header_1": "Стоимость за сутки",
    "forecase_header_2": "Заполняемость",
    "forecase_header_3": "Месячная выручка",
    "forecase_header_4": "Годовой доход",
    "forecase_header_5": "Чистый доход (минус УК, минус налоги)",
    "forecase_header_6": "ROI (return on investment)",

    "companies_text_1": "Лучшие путешествия BBC в номинации Лучший остров в мире",
    "companies_text_2": "Другой влиятельный источник U.S. News ставит Бали 4-е место в мире по инвестиционной привлекательности",
    "companies_text_3": "Forbes, один из самых влиятельных мировых аналитиков, назвал Бали одним из пяти лучших направлений для инвестиций в мире.",
    "companies_text_4": "Даже в период ограничений и пандемия, Бали остается самым желанным местом для посещеня туристов со всего мира согласно к опросу о бронировании",
    "companies_text_5": "Ну и индустрия свадеб и торжеств не проходит мимо, Daily Mail и молодожены дают Бали первое место для отдыха во время медового месяца",
    "companies_text_6": "Вот уже 2 года Бали выходит в рейтинг как лучший турист направление от Tripadvisor",
    "companies_text_7": "Бали — одно из самых популярных мест для Instagram-снимков в мире. Хэштег #Bali собрал миллионы постов, запечатлевших красоту острова.",
    "companies_text_8": "Travel+leasure в своем рейтинге отдает первое место сред Азиатские страны на этот великолепный остров",

    "download_presentation": "Скачать каталог",
    "cost": "Стоимость",
    "bali": "Бали",
    "see_video": "Посмотреть видео",
    "vill": "вилл",
    "vills": "Виллы",
    "projected": "прогнозируемый",
    "apartment": "апартамента",
    "forecast": "Прогноз",

    "single_appartments": "Однокомнатные апартаменты",

    "articles": "Статьи",
    "all_articles": "Все статьи",

    "last_news": "Последние новости",
    "all_news": "Все новости",

    "actual_sales": "Актуальные акции",
    "all_sales": "Все акции",
    "sales_page_subtitle": "Уникальные предложения для выгодной покупки недвижимости на Бали.",

    "berava": "Берава",
    "changu": "Чангу",
    "pererenan": "Переренан",

    "our_team": "Наша команда",

    "actual_to": "Действует до ",

    "team_1_name": "Дмитрий Грицай",
    "team_2_name": "Мигран Каграманян",
    "team_3_name": "Размик Каграманян",
    "team_4_name": "Дмитрий Топилин",
    "team_5_name": "Ари Пурнаван",
    "team_6_name": "Анастасия Коваль",
    "team_position_1": "Учредитель",
    "team_position_2": "Архитектор",
    "team_position_3": "Строитель",
    "team_position_4": "Финансист",
    
    "get_presentation": "Получить консультацию",

    "want_know_more": "Хотите узнать больше?",
    "fill_all_fields": "Пожалуйста, заполните все поля в форме",
    "wait_for_send": "Подождите, идет отправка",
    "message_sent_successfuly": "Ваше сообщение успешно отправлено",
    "send_mail": "Отправить заявку",
    "send": "Отправить",
    "get_a_presentation": "Получить предложение",

    "m_calendar_text_1": "Живая встреча с командой продаж",
    "m_calendar_text_2": "Онлайн встреча с командой продаж",
    "m_calendar_text_3": "Выберите дату и время",
    "m_calendar_text_4_1": "Вы также можете ",
    "m_calendar_text_4_2": "связаться с нами в WhatsApp ",
    "m_calendar_text_4_3": "прямо сейчас, отправив нам любой символ или эмодзи",
    "minutes": "минут",
    "kyiv": "Киев",

    "connect_in_whatsapp": "Cвязаться в WhatsApp",

    "m_vacancy_text_1": "Прикрепить файл с резюме",
    "m_vacancy_text_2": ".doc, .docx, .txt, .rtf, .odt, .pdf до 5 Мб.",
    "m_vacancy_text_3": "Файл слишком большой",

    "send_cv": "Отправить резюме",

    "m_presentation_text_1": "Оставьте контакт, чтобы получить презентацию по нашим проектам",
    "m_presentation_text_2": "Альтерентивный способ связи*",
    "m_presentation_text_3": "Это может быть ещё 1 номер телефона, email, имя пользователя Telegram и т.д",

    "m_message_text_1": "Оставьте контакт и получите специальное предложение до 29 февраля",
    "m_message_text_2": "Телефон для связи в мессенджерах*",
    "m_message_text_3": "Нажимая на кнопку “Отправить резюме”, вы соглашаетесь с нашей",
    "policy": "Политикой конфиденциальности",

    "deadline": "Срок сдачи",
    "summer2025": "лето 2025",
    "real_forecast": "Реалистичный прогноз",
    "optimistic_forecast": "Оптичистичный прогноз",

    "square": "площадь земли",
    "floors": "количество этажей",
    "living": "площадь прихожей",
    "kitchen": "площадь кухни",
    "bathroom": "площадь санузла",
    "bedroom": "площадь спальни /гостиной",

    "404_text": "Кажется что-то пошло не так! Страница, которую вы запрашиваете, не существует. Возможно она устарела, или был введен неверный адрес в адресной строке.",
    "404_button": "Перейти на главную",

    "show_all": "Показать все",

    "else_sales": "Другие акции",
    "button_vac": "Отклик на вакансию",
    "input_name": "Имя и фамилия",
    "input_textarea": "Введите текст сопроводительного письма",

    "address": "Адрес",

    "sales_proj_title":"Проекты участвующие в акции",

    "news_title": "Новости",
    "new_subtitle": "Ваше будущее жилье — в наших руках. Мы понимаем, как важны для вас шаги.",
    "show_more": "Показать больше",

    "else_articles": "Другие статьи"
}