{
    "project": "Проєкти",
    "about_company": "Про компанію",
    "why_bali": "Чому Балі?",
    "cooperation": "Співпраця",
    "career": "Кар'єра",
    "contacts": "Контакти",
    "make_a_meeting": "Запланувати зустріч",
    "month1": "Січень",
    "month2": "Лютий",
    "month3": "Березень",
    "month4": "Квітень",
    "month5": "Травень",
    "month6": "Червень",
    "month7": "Липень",
    "month8": "Серпень",
    "month9": "Вересень",
    "month10": "Жовтень",
    "month11": "Листопад",
    "month12": "Грудень",

    "else_projects": "інші проєкти",

    "about_compl": "Про комплекс",
    "location": "Локація",
    "top_location": "Топова локація",
    "appatments": "Апартаменти",
    "investors": "Інвесторам",
    "show_album": "Показати альбом",
    "google_map_text_1": "Якщо ви на острові, ми з радістю проведемо вам екскурсію по об'єкту!",
    "make_a_see": "Записатися на перегляд",
    "other_projects": "Інші проєкти",
    
    "start_cooperation": "Розпочати співпрацю",
    "marketing": "Маркетинг",
    "agent_nedv": "Агентствам нерухомості",
    "partnerstvo": "Партнерство",
    "brokeram": "Брокерам",
    "for_brokers": "Для брокерів",
    "for_brokers_text": "Ми цінуємо вклад тих, хто допомагає розвитку ринку нерухомості в Україні. Тому ми розробили спеціальну програму співпраці з брокерами, засновану на довірі, відкритості та взаємній вигоді. Наші партнери-брокери отримують найвигідніші умови для своїх клієнтів, а також першими дізнаються про нові об'єкти та спеціальні пропозиції.",
    "brokers_work_steps": "Етапи роботи з брокерами",
    "broker_step_1": "Залишити заявку у формі нижче або на будь-якому сайті компанії в розділі «Контакти»",
    "broker_step_2": "Підписати договір для узгодження умов співпраці",
    "broker_step_3": "Пройти навчання та отримати акредитацію",
    "broker_step_4": "Отримати доступ до онлайн бази наявних квартир",
    "agency_text": "Для співпраці з ріелторами ми розробили інноваційну програму, яка дозволяє сертифікованим агентствам нерухомості офіційно пропонувати своїм клієнтам квартири в житлових комплексах SAGA Development і отримувати за це гідну винагороду.",
    "agency_text_2": "Ми супроводжуємо ріелторів на всіх етапах співпраці:",
    "agency_text_3": "Надаємо інформаційну підтримку щодо наших проєктів",
    "agency_text_4": "Консультуємо щодо проведення рекламних кампаній",
    "agency_text_5": "Допомагаємо у вирішенні юридичних питань.",
    "agency_text_6": "Для забезпечення прозорості відносин передбачено фіксацію клієнта за певним ріелтором. А після укладання угоди — виплата винагороди.",
    "for_partners": "Партнерам",
    "for_partners_text": "Ми готові взяти на себе комплексну або часткову реалізацію проєкту, якщо цілі, місія та філософія наших компаній співпадають. Також ми відкриті для пропозицій щодо земельних ділянок та перспективних проєктів.",
    "for_partners_steps": "Етапи роботи з партнерами",
    "for_partners_step_1": "Залишити заявку у формі нижче або на будь-якому сайті компанії в розділі «Контакти»",
    "for_partners_step_2": "Підписати договір для узгодження умов співпраці",
    "for_partners_step_3": "Пройти навчання та отримати акредитацію",
    "for_partners_step_4": "Отримати доступ до онлайн бази наявних квартир",
    "marketing_text": "Знайомі з нашими проєктами і у вас є крута ідея для співпраці? Ми відкриті для пропозицій! Якщо ваша компанія займається рекламною поліграфією або виготовленням якісних POS-матеріалів, якщо ви гуру в організації заходів або хочете провести захід на бульварі RYBALSKY або зйомку в CHICAGO Central House, заповнюйте форму зворотного зв'язку на цій сторінці.",
    "marketing_coop": "Співпраця з маркетологами:",
    "marketing_coop_1": "Надаємо інформаційну підтримку щодо наших проєктів",
    "marketing_coop_2": "Консультуємо щодо проведення рекламних кампаній",
    "marketing_coop_3": "Допомагаємо у вирішенні юридичних питань.",

    "projects_text": "Втіль мрію в реальність",
    "our_projects": "Наші проєкти",
    "get_catalog": "Отримати каталог",
    "sold": "Продано",
    "including_taxes": "*включаючи податки",
    "more": "Детальніше",
    "from": "від",
    "stage_building": "Ціна на етапі будівництва",
    "forecase_text_1": "Управління + операційні витрати",
    "forecase_text_2": "Вартість після завершення будівництва",
    "forecase_text_3": "Песимістичний прогноз",
    "forecase_header_1": "Вартість за добу",
    "forecase_header_2": "Заповнюваність",
    "forecase_header_3": "Місячний дохід",
    "forecase_header_4": "Річний дохід",
    "forecase_header_5": "Чистий дохід (мінус керуюча компанія, мінус податки)",
    "forecase_header_6": "ROI (return on investment)",

    "companies_text_1": "Найкращі подорожі BBC у номінації Найкращий острів у світі",
    "companies_text_2": "Інше впливове джерело U.S. News ставить Балі на 4-е місце в світі за інвестиційною привабливістю",
    "companies_text_3": "Forbes, один з найвпливовіших світових аналітиків, назвав Балі одним із п'яти найкращих напрямків для інвестицій у світі.",
    "companies_text_4": "Навіть під час обмежень та пандемії, Балі залишається найжаданішим місцем для відвідування туристами з усього світу згідно з опитуванням про бронювання",
    "companies_text_5": "І індустрія весіль та урочистостей не залишається осторонь, Daily Mail і молодята надають Балі перше місце для відпочинку під час медового місяця",
    "companies_text_6": "Вже 2 роки Балі входить до рейтингу як найкращий туристичний напрямок від Tripadvisor",
    "companies_text_7": "Балі — одне з найпопулярніших місць для Instagram-фотографій у світі. Хештег #Bali зібрав мільйони постів, які показують красу острова.",
    "companies_text_8": "Travel+Leisure у своєму рейтингу віддає перше місце серед азійських країн цьому чудовому острову",

    "download_presentation": "Завантажити каталог",
    "cost": "Вартість",
    "bali": "Балі",
    "see_video": "Переглянути відео",
    "vill": "вілл",
    "vills": "Вілли",
    "projected": "прогнозований",
    "apartment": "апартамента",
    "forecast": "Прогноз",

    "single_appartments": "Однокімнатні апартаменти",

    "articles": "Статті",
    "all_articles": "Всі статті",

    "last_news": "Останні новини",
    "all_news": "Всі новини",

    "actual_sales": "Актуальні акції",
    "all_sales": "Всі акції",
    "sales_page_subtitle": "Унікальні пропозиції для вигідного придбання нерухомості на Балі.",

    "berava": "Берава",
    "changu": "Чангу",
    "pererenan": "Переренан",

    "our_team": "Наша команда",

    "actual_to": "Діє до",

    "team_1_name": "Дмитро Грицай",
    "team_2_name": "Мігран Каграманян",
    "team_3_name": "Размік Каграманян",
    "team_4_name": "Дмитро Топілін",
    "team_5_name": "Арі Пурнаван",
    "team_6_name": "Анастасія Коваль",
    "team_position_1": "Засновник",
    "team_position_2": "Архітектор",
    "team_position_3": "Будівельник",
    "team_position_4": "Фінансист",
    
    "get_presentation": "Отримати консультацію",

    "want_know_more": "Хочете дізнатися більше?",
    "fill_all_fields": "Будь ласка, заповніть всі поля у формі",
    "wait_for_send": "Зачекайте, йде відправка",
    "message_sent_successfuly": "Ваше повідомлення успішно надіслано",
    "send_mail": "Надіслати заявку",
    "send": "Надіслати",
    "get_a_presentation": "Отримати пропозицію",

    "m_calendar_text_1": "Жива зустріч з командою продажів",
    "m_calendar_text_2": "Онлайн зустріч з командою продажів",
    "m_calendar_text_3": "Виберіть дату та час",
    "m_calendar_text_4_1": "Ви також можете ",
    "m_calendar_text_4_2": "зв'язатися з нами у WhatsApp ",
    "m_calendar_text_4_3": "прямо зараз, надіславши нам будь-який символ або емодзі",
    "minutes": "хвилин",
    "kyiv": "Київ",

    "connect_in_whatsapp": "Зв'язатися у WhatsApp",

    "m_vacancy_text_1": "Прикріпити файл з резюме",
    "m_vacancy_text_2": ".doc, .docx, .txt, .rtf, .odt, .pdf до 5 Мб.",
    "m_vacancy_text_3": "Файл занадто великий",

    "send_cv": "Надіслати резюме",

    "m_presentation_text_1": "Залиште контакт, щоб отримати презентацію по нашим проєктам",
    "m_presentation_text_2": "Альтернативний спосіб зв'язку*",
    "m_presentation_text_3": "Це може бути ще один номер телефону, email, ім'я користувача Telegram тощо",

    "m_message_text_1": "Залиште контакт і отримайте спеціальну пропозицію до 29 лютого",
    "m_message_text_2": "Телефон для зв'язку у месенджерах*",
    "m_message_text_3": "Натискаючи на кнопку “Надіслати резюме”, ви погоджуєтеся з нашою",
    "policy": "Політикою конфіденційності",

    "deadline": "Термін здачі",
    "summer2025": "літо 2025",
    "real_forecast": "Реалістичний прогноз",
    "optimistic_forecast": "Оптимістичний прогноз",

    "square": "площа землі",
    "floors": "кількість поверхів",
    "living": "площа передпокою",
    "kitchen": "площа кухні",
    "bathroom": "площа санвузла",
    "bedroom": "площа спальні /вітальні",

    "404_text": "Здається, щось пішло не так! Сторінка, яку ви запитуєте, не існує. Можливо, вона застаріла, або була введена неправильна адреса в адресному рядку.",
    "404_button": "Перейти на головну",

    "show_all": "Показати все",

    "else_sales": "Інші акції",
    "button_vac": "Відгук на вакансію",
    "input_name": "Ім'я та прізвище",
    "input_textarea": "Введіть текст супровідного листа",

    "address": "Адрес",

    "sales_proj_title":"Проєкти, які беруть участь в акції",

    "news_title": "Новости",
    "new_subtitle": "Ваше будущее жилье — в наших руках. Мы понимаем, как важны для вас шаги.",
    "show_more": "Показать больше",

    "else_articles": "Другие статьи"
}
